,Image_name,Predictions
0,Image (117).jpg,Not House
1,Image (116).jpg,Not House
2,Image (115).jpg,House
3,Image (114).jpg,Not House
4,Image (113).jpg,House
5,Image (112).jpg,Not House
6,Image (111).jpg,Not House
7,Image (110).jpg,House
8,Image (11).png,House
9,Image (11).jpg,Not House
10,Image (11).jpeg,House
11,Image (108).jpg,House
12,Image (109).jpg,Not House
13,Image (107).jpg,Not House
14,Image (106).jpg,Not House
15,Image (105).jpg,House
16,Image (104).jpg,House
17,Image (103).jpg,House
18,Image (102).jpg,House
19,Image (10).png,House
20,Image (101).jpg,Not House
21,Image (100).jpg,Not House
22,Image (10).jpg,House
23,Image (10).jpeg,House
24,Image (1).png,House
25,Image (1).jpg,House
26,Image (1).jpeg,House
27,Image (118).jpg,House
28,Image (143).jpg,House
29,Image (142).jpg,Not House
30,Image (141).jpg,Not House
31,Image (14).png,House
32,Image (140).jpg,Not House
33,Image (14).jpg,House
34,Image (14).jpeg,House
35,Image (139).jpg,Not House
36,Image (138).jpg,Not House
37,Image (137).jpg,House
38,Image (136).jpg,House
39,Image (135).jpg,House
40,Image (133).jpg,House
41,Image (134).jpg,House
42,Image (132).jpg,Not House
43,Image (131).jpg,Not House
44,Image (13).png,House
45,Image (130).jpg,Not House
46,Image (13).jpg,Not House
47,Image (13).jpeg,House
48,Image (129).jpg,Not House
49,Image (128).jpg,Not House
50,Image (127).jpg,Not House
51,Image (126).jpg,House
52,Image (123).jpg,House
53,Image (125).jpg,Not House
54,Image (124).jpg,House
55,Image (122).jpg,House
56,Image (121).jpg,Not House
57,Image (12).png,House
58,Image (120).jpg,Not House
59,Image (119).jpg,House
60,Image (12).jpg,Not House
61,Image (12).jpeg,House
62,Image (17).png,House
63,Image (171).jpg,Not House
64,Image (170).jpg,House
65,Image (17).jpg,Not House
66,Image (17).jpeg,House
67,Image (169).jpg,House
68,Image (168).jpg,House
69,Image (166).jpg,Not House
70,Image (167).jpg,Not House
71,Image (165).jpg,Not House
72,Image (164).jpg,Not House
73,Image (163).jpg,House
74,Image (162).jpg,House
75,Image (161).jpg,Not House
76,Image (16).png,House
77,Image (160).jpg,Not House
78,Image (16).jpg,Not House
79,Image (16).jpeg,House
80,Image (159).jpg,Not House
81,Image (158).jpg,Not House
82,Image (157).jpg,Not House
83,Image (156).jpg,Not House
84,Image (154).jpg,House
85,Image (155).jpg,Not House
86,Image (153).jpg,House
87,Image (15).png,House
88,Image (151).jpg,Not House
89,Image (152).jpg,Not House
90,Image (150).jpg,Not House
91,Image (15).jpg,Not House
92,Image (15).jpeg,House
93,Image (148).jpg,House
94,Image (149).jpg,Not House
95,Image (147).jpg,House
96,Image (146).jpg,Not House
97,Image (145).jpg,Not House
98,Image (144).jpg,House
99,Image (2).jpeg,House
100,Image (199).jpg,Not House
101,Image (198).jpg,House
102,Image (196).jpg,House
103,Image (197).jpg,House
104,Image (195).jpg,House
105,Image (194).jpg,House
106,Image (193).jpg,House
107,Image (192).jpg,House
108,Image (191).jpg,Not House
109,Image (19).png,House
110,Image (190).jpg,Not House
111,Image (19).jpeg,House
112,Image (19).jpg,Not House
113,Image (189).jpg,Not House
114,Image (188).jpg,Not House
115,Image (186).jpg,House
116,Image (187).jpg,Not House
117,Image (183).jpg,House
118,Image (185).jpg,Not House
119,Image (184).jpg,House
120,Image (182).jpg,Not House
121,Image (181).jpg,Not House
122,Image (180).jpg,Not House
123,Image (18).png,House
124,Image (18).jpg,House
125,Image (18).jpeg,House
126,Image (179).jpg,House
127,Image (178).jpg,House
128,Image (177).jpg,House
129,Image (176).jpg,Not House
130,Image (175).jpg,Not House
131,Image (173).jpg,Not House
132,Image (174).jpg,House
133,Image (172).jpg,Not House
134,Image (225).jpg,Not House
135,Image (224).jpg,Not House
136,Image (222).jpg,House
137,Image (223).jpg,Not House
138,Image (221).jpg,House
139,Image (220).jpg,Not House
140,Image (22).png,House
141,Image (22).jpeg,House
142,Image (22).jpg,House
143,Image (219).jpg,Not House
144,Image (218).jpg,House
145,Image (217).jpg,Not House
146,Image (216).jpg,Not House
147,Image (215).jpg,Not House
148,Image (213).jpg,House
149,Image (214).jpg,Not House
150,Image (212).jpg,Not House
151,Image (211).jpg,Not House
152,Image (21).png,House
153,Image (210).jpg,Not House
154,Image (21).jpeg,House
155,Image (21).jpg,Not House
156,Image (209).jpg,House
157,Image (208).jpg,House
158,Image (207).jpg,Not House
159,Image (206).jpg,House
160,Image (205).jpg,Not House
161,Image (204).jpg,House
162,Image (203).jpg,Not House
163,Image (201).jpg,Not House
164,Image (202).jpg,Not House
165,Image (200).jpg,Not House
166,Image (20).png,House
167,Image (2).png,House
168,Image (20).jpg,Not House
169,Image (20).jpeg,House
170,Image (2).jpg,Not House
171,Image (251).jpg,House
172,Image (250).jpg,House
173,Image (25).png,House
174,Image (25).jpg,House
175,Image (25).jpeg,House
176,Image (249).jpg,Not House
177,Image (248).jpg,House
178,Image (247).jpg,House
179,Image (246).jpg,House
180,Image (245).jpg,Not House
181,Image (243).jpg,House
182,Image (244).jpg,Not House
183,Image (242).jpg,Not House
184,Image (241).jpg,Not House
185,Image (240).jpg,Not House
186,Image (24).png,House
187,Image (24).jpeg,House
188,Image (24).jpg,Not House
189,Image (239).jpg,House
190,Image (238).jpg,Not House
191,Image (237).jpg,House
192,Image (236).jpg,Not House
193,Image (235).jpg,Not House
194,Image (234).jpg,Not House
195,Image (232).jpg,House
196,Image (233).jpg,Not House
197,Image (231).jpg,House
198,Image (23).png,House
199,Image (230).jpg,Not House
200,Image (23).jpeg,House
201,Image (23).jpg,Not House
202,Image (229).jpg,Not House
203,Image (228).jpg,House
204,Image (227).jpg,House
205,Image (226).jpg,House
206,Image (274).jpg,House
207,Image (273).jpg,House
208,Image (272).jpg,Not House
209,Image (271).jpg,House
210,Image (267).jpg,House
211,Image (270).jpg,House
212,Image (268).jpg,House
213,Image (269).jpg,House
214,Image (27).jpg,House
215,Image (266).jpg,Not House
216,Image (265).jpg,Not House
217,Image (264).jpg,Not House
218,Image (263).jpg,Not House
219,Image (262).jpg,Not House
220,Image (26).jpeg,House
221,Image (261).jpg,House
222,Image (260).jpg,Not House
223,Image (26).jpg,House
224,Image (259).jpg,House
225,Image (258).jpg,Not House
226,Image (257).jpg,Not House
227,Image (256).jpg,Not House
228,Image (255).jpg,Not House
229,Image (254).jpg,Not House
230,Image (253).jpg,House
231,Image (252).jpg,Not House
232,Image (298).jpg,House
233,Image (299).jpg,House
234,Image (297).jpg,House
235,Image (296).jpg,House
236,Image (294).jpg,House
237,Image (295).jpg,House
238,Image (293).jpg,House
239,Image (292).jpg,House
240,Image (291).jpg,House
241,Image (290).jpg,House
242,Image (289).jpg,House
243,Image (29).jpg,House
244,Image (288).jpg,House
245,Image (287).jpg,House
246,Image (286).jpg,House
247,Image (285).jpg,House
248,Image (284).jpg,House
249,Image (283).jpg,House
250,Image (282).jpg,House
251,Image (281).jpg,House
252,Image (280).jpg,House
253,Image (279).jpg,House
254,Image (28).jpg,House
255,Image (278).jpg,House
256,Image (277).jpg,House
257,Image (276).jpg,House
258,Image (275).jpg,House
259,Image (323).jpg,House
260,Image (322).jpg,Not House
261,Image (321).jpg,House
262,Image (320).jpg,House
263,Image (32).jpg,House
264,Image (319).jpg,House
265,Image (318).jpg,Not House
266,Image (317).jpg,House
267,Image (316).jpg,House
268,Image (314).jpg,House
269,Image (315).jpg,House
270,Image (313).jpg,Not House
271,Image (312).jpg,House
272,Image (311).jpg,House
273,Image (310).jpg,House
274,Image (308).jpg,House
275,Image (309).jpg,House
276,Image (31).jpg,Not House
277,Image (307).jpg,House
278,Image (304).jpg,Not House
279,Image (306).jpg,Not House
280,Image (303).jpg,House
281,Image (305).jpg,House
282,Image (302).jpg,House
283,Image (301).jpg,House
284,Image (300).jpg,House
285,Image (3).png,House
286,Image (30).jpg,House
287,Image (3).jpg,House
288,Image (3).jpeg,House
289,Image (352).jpg,House
290,Image (35).jpg,House
291,Image (351).jpg,Not House
292,Image (350).jpg,Not House
293,Image (349).jpg,House
294,Image (348).jpg,Not House
295,Image (347).jpg,Not House
296,Image (346).jpg,Not House
297,Image (345).jpg,Not House
298,Image (344).jpg,Not House
299,Image (343).jpg,Not House
300,Image (342).jpg,Not House
301,Image (341).jpg,House
302,Image (340).jpg,Not House
303,Image (34).jpg,House
304,Image (339).jpg,House
305,Image (338).jpg,House
306,Image (337).jpg,House
307,Image (336).jpg,House
308,Image (335).jpg,Not House
309,Image (334).jpg,Not House
310,Image (332).jpg,House
311,Image (333).jpg,Not House
312,Image (331).jpg,Not House
313,Image (330).jpg,House
314,Image (33).jpg,House
315,Image (329).jpg,Not House
316,Image (328).jpg,Not House
317,Image (327).jpg,Not House
318,Image (326).jpg,Not House
319,Image (325).jpg,Not House
320,Image (324).jpg,House
321,Image (382).jpg,House
322,Image (381).jpg,House
323,Image (380).jpg,Not House
324,Image (379).jpg,Not House
325,Image (38).jpg,Not House
326,Image (378).jpg,Not House
327,Image (377).jpg,Not House
328,Image (376).jpg,Not House
329,Image (375).jpg,House
330,Image (374).jpg,Not House
331,Image (372).jpg,House
332,Image (373).jpg,House
333,Image (371).jpg,House
334,Image (370).jpg,House
335,Image (37).jpg,Not House
336,Image (369).jpg,Not House
337,Image (368).jpg,Not House
338,Image (364).jpg,House
339,Image (367).jpg,House
340,Image (366).jpg,House
341,Image (365).jpg,Not House
342,Image (363).jpg,Not House
343,Image (361).jpg,House
344,Image (362).jpg,Not House
345,Image (360).jpg,Not House
346,Image (36).jpg,Not House
347,Image (359).jpg,Not House
348,Image (358).jpg,House
349,Image (357).jpg,Not House
350,Image (356).jpg,House
351,Image (355).jpg,House
352,Image (353).jpg,House
353,Image (354).jpg,Not House
354,Image (409).jpg,Not House
355,Image (408).jpg,Not House
356,Image (407).jpg,House
357,Image (406).jpg,Not House
358,Image (405).jpg,Not House
359,Image (404).jpg,House
360,Image (403).jpg,House
361,Image (402).jpg,Not House
362,Image (4).png,House
363,Image (401).jpg,Not House
364,Image (400).jpg,House
365,Image (40).jpg,House
366,Image (4).jpg,Not House
367,Image (399).jpg,House
368,Image (4).jpeg,House
369,Image (398).jpg,House
370,Image (397).jpg,Not House
371,Image (395).jpg,House
372,Image (396).jpg,House
373,Image (394).jpg,House
374,Image (393).jpg,Not House
375,Image (392).jpg,Not House
376,Image (390).jpg,House
377,Image (391).jpg,Not House
378,Image (39).jpg,House
379,Image (389).jpg,Not House
380,Image (388).jpg,House
381,Image (387).jpg,Not House
382,Image (386).jpg,House
383,Image (385).jpg,Not House
384,Image (384).jpg,House
385,Image (383).jpg,Not House
386,Image (441).jpg,Not House
387,Image (440).jpg,Not House
388,Image (44).jpg,Not House
389,Image (439).jpg,House
390,Image (438).jpg,Not House
391,Image (436).jpg,House
392,Image (437).jpg,House
393,Image (435).jpg,House
394,Image (434).jpg,House
395,Image (433).jpg,House
396,Image (432).jpg,Not House
397,Image (431).jpg,Not House
398,Image (430).jpg,Not House
399,Image (43).jpg,Not House
400,Image (429).jpg,Not House
401,Image (428).jpg,House
402,Image (426).jpg,Not House
403,Image (427).jpg,Not House
404,Image (425).jpg,Not House
405,Image (424).jpg,Not House
406,Image (423).jpg,Not House
407,Image (421).jpg,House
408,Image (422).jpg,Not House
409,Image (420).jpg,Not House
410,Image (42).jpg,House
411,Image (419).jpg,Not House
412,Image (418).jpg,Not House
413,Image (417).jpg,House
414,Image (416).jpg,Not House
415,Image (415).jpg,Not House
416,Image (414).jpg,House
417,Image (413).jpg,Not House
418,Image (412).jpg,House
419,Image (411).jpg,Not House
420,Image (410).jpg,Not House
421,Image (41).jpg,House
422,Image (472).jpg,House
423,Image (471).jpg,Not House
424,Image (470).jpg,Not House
425,Image (47).jpg,House
426,Image (467).jpg,House
427,Image (469).jpg,Not House
428,Image (468).jpg,Not House
429,Image (466).jpg,Not House
430,Image (463).jpg,Not House
431,Image (465).jpg,Not House
432,Image (464).jpg,Not House
433,Image (462).jpg,House
434,Image (461).jpg,House
435,Image (460).jpg,Not House
436,Image (459).jpg,Not House
437,Image (46).jpg,Not House
438,Image (458).jpg,House
439,Image (457).jpg,Not House
440,Image (456).jpg,Not House
441,Image (455).jpg,House
442,Image (454).jpg,Not House
443,Image (453).jpg,Not House
444,Image (452).jpg,Not House
445,Image (450).jpg,Not House
446,Image (451).jpg,House
447,Image (449).jpg,House
448,Image (45).jpg,Not House
449,Image (448).jpg,Not House
450,Image (447).jpg,Not House
451,Image (446).jpg,House
452,Image (445).jpg,Not House
453,Image (442).jpg,House
454,Image (444).jpg,Not House
455,Image (443).jpg,House
456,Image (501).jpg,House
457,Image (502).jpg,Not House
458,Image (500).jpg,House
459,Image (5).png,House
460,Image (50).jpg,House
461,Image (5).jpg,Not House
462,Image (5).jpeg,House
463,Image (499).jpg,Not House
464,Image (498).jpg,Not House
465,Image (497).jpg,House
466,Image (495).jpg,House
467,Image (496).jpg,Not House
468,Image (494).jpg,Not House
469,Image (493).jpg,House
470,Image (492).jpg,House
471,Image (491).jpg,Not House
472,Image (490).jpg,Not House
473,Image (49).jpg,Not House
474,Image (489).jpg,Not House
475,Image (488).jpg,Not House
476,Image (487).jpg,Not House
477,Image (486).jpg,House
478,Image (485).jpg,Not House
479,Image (484).jpg,Not House
480,Image (483).jpg,Not House
481,Image (482).jpg,House
482,Image (481).jpg,Not House
483,Image (480).jpg,House
484,Image (48).jpg,House
485,Image (479).jpg,Not House
486,Image (478).jpg,Not House
487,Image (477).jpg,Not House
488,Image (476).jpg,Not House
489,Image (475).jpg,Not House
490,Image (474).jpg,Not House
491,Image (473).jpg,House
492,Image (59).jpg,Not House
493,Image (58).jpg,House
494,Image (57).jpg,Not House
495,Image (55).jpg,House
496,Image (56).jpg,House
497,Image (54).jpg,Not House
498,Image (53).jpg,House
499,Image (528).jpg,Not House
500,Image (527).jpg,Not House
501,Image (526).jpg,Not House
502,Image (525).jpg,Not House
503,Image (524).jpg,House
504,Image (522).jpg,House
505,Image (523).jpg,Not House
506,Image (521).jpg,Not House
507,Image (520).jpg,Not House
508,Image (519).jpg,Not House
509,Image (52).jpg,Not House
510,Image (518).jpg,Not House
511,Image (517).jpg,Not House
512,Image (514).jpg,Not House
513,Image (516).jpg,Not House
514,Image (515).jpg,Not House
515,Image (513).jpg,House
516,Image (511).jpg,Not House
517,Image (512).jpg,Not House
518,Image (510).jpg,Not House
519,Image (51).jpg,House
520,Image (509).jpg,Not House
521,Image (508).jpg,Not House
522,Image (507).jpg,House
523,Image (506).jpg,Not House
524,Image (505).jpg,Not House
525,Image (504).jpg,Not House
526,Image (503).jpg,Not House
527,Image (85).jpg,House
528,Image (84).jpg,Not House
529,Image (82).jpg,Not House
530,Image (83).jpg,House
531,Image (81).jpg,Not House
532,Image (8).png,House
533,Image (80).jpg,Not House
534,Image (8).jpg,House
535,Image (8).jpeg,House
536,Image (79).jpg,Not House
537,Image (78).jpg,House
538,Image (77).jpg,House
539,Image (76).jpg,Not House
540,Image (75).jpg,House
541,Image (74).jpg,House
542,Image (73).jpg,Not House
543,Image (72).jpg,House
544,Image (7).png,House
545,Image (71).jpg,Not House
546,Image (70).jpg,House
547,Image (7).jpg,House
548,Image (68).jpg,House
549,Image (7).jpeg,House
550,Image (69).jpg,Not House
551,Image (67).jpg,House
552,Image (66).jpg,Not House
553,Image (64).jpg,House
554,Image (65).jpg,House
555,Image (63).jpg,House
556,Image (62).jpg,Not House
557,Image (61).jpg,House
558,Image (6).png,House
559,Image (60).jpg,Not House
560,Image (6).jpg,House
561,Image (6).jpeg,House
562,Image (98).jpg,House
563,Image (99).jpg,Not House
564,Image (97).jpg,Not House
565,Image (95).jpg,House
566,Image (96).jpg,House
567,Image (94).jpg,Not House
568,Image (93).jpg,House
569,Image (92).jpg,Not House
570,Image (91).jpg,Not House
571,Image (9).png,House
572,Image (9).jpg,House
573,Image (90).jpg,Not House
574,Image (9).jpeg,House
575,Image (86).jpg,House
576,Image (89).jpg,Not House
577,Image (88).jpg,Not House
578,Image (87).jpg,House
